Team,Season,Depth Chart,Name
ARZ,2024-25,RB1,james conner
ARZ,2024-25,RB2,trey benson
ARZ,2024-25,RB3,emari demercado
ARZ,2024-25,RB4,deejay dallas
ATL,2024-25,RB1,bijan robinson
ATL,2024-25,RB2,tyler allgeier
ATL,2024-25,RB3,avery williams
ATL,2024-25,RB4,jase mcclellan
BAL,2024-25,RB1,derrick henry
BAL,2024-25,RB2,justice hill
BAL,2024-25,RB3,rasheen ali
BUF,2024-25,RB1,james cook
BUF,2024-25,RB2,ray davis
BUF,2024-25,RB3,ty johnson
CAR,2024-25,RB1,chuba hubbard
CAR,2024-25,RB2,miles sanders
CAR,2024-25,RB3,raheem blackshear
CHI,2024-25,RB1,d'andre swift
CHI,2024-25,RB2,khalil herbert
CHI,2024-25,RB3,roschon johnson
CHI,2024-25,RB4,travis homer
CIN,2024-25,RB1,zack moss
CIN,2024-25,RB2,chase brown
CIN,2024-25,RB3,trayveon williams
CLE,2024-25,RB1,jerome ford
CLE,2024-25,RB2,pierre strong jr.
CLE,2024-25,RB3,d'onta foreman
DAL,2024-25,RB1,ezekiel elliott
DAL,2024-25,RB2,rico dowdle
DAL,2024-25,RB3,deuce vaughn
DEN,2024-25,RB1,javonte williams
DEN,2024-25,RB2,jaleel mclaughlin
DEN,2024-25,RB3,audric estime
DEN,2024-25,RB4,blake watson
DET,2024-25,RB1,jahmyr gibbs
DET,2024-25,RB2,david montgomery
DET,2024-25,RB3,craig reynolds
DET,2024-25,RB4,sione vaki
GB,2024-25,RB1,josh jacobs
GB,2024-25,RB2,marshawn lloyd
GB,2024-25,RB3,emanuel wilson
HOU,2024-25,RB1,joe mixon
HOU,2024-25,RB2,dameon pierce
HOU,2024-25,RB3,dare ogunbowale
HOU,2024-25,RB4,cam akers
IND,2024-25,RB1,jonathan taylor
IND,2024-25,RB2,trey sermon
IND,2024-25,RB3,tyler goodson
JAX,2024-25,RB1,travis etienne jr.
JAX,2024-25,RB2,tank bigsby
JAX,2024-25,RB3,d'ernest johnson
KC,2024-25,RB1,isiah pacheco
KC,2024-25,RB2,clyde edwards-helaire
KC,2024-25,RB3,carson steele
KC,2024-25,RB4,samaje perine
LAC,2024-25,RB1,gus edwards
LAC,2024-25,RB2,j.k. dobbins
LAC,2024-25,RB3,jaret patterson
LAC,2024-25,RB4,kimani vidal
LAR,2024-25,RB1,kyren williams
LAR,2024-25,RB2,blake corum
LAR,2024-25,RB3,ronnie rivers
LAR,2024-25,RB4,cody schrader
LV,2024-25,RB1,zamir white
LV,2024-25,RB2,alexander mattison
LV,2024-25,RB3,ameer abdullah
LV,2024-25,RB4,dylan laube
MIA,2024-25,RB1,raheem mostert
MIA,2024-25,RB2,de'von achane
MIA,2024-25,RB3,jeff wilson jr.
MIA,2024-25,RB4,jaylen wright
MIN,2024-25,RB1,aaron jones
MIN,2024-25,RB2,ty chandler
NE,2024-25,RB1,rhamondre stevenson
NE,2024-25,RB2,antonio gibson
NE,2024-25,RB3,jamycal hasty
NO,2024-25,RB1,alvin kamara
NO,2024-25,RB2,jamaal williams
NO,2024-25,RB3,jordan mims
NYG,2024-25,RB1,devin singletary
NYG,2024-25,RB2,tyrone tracy jr.
NYG,2024-25,RB3,eric gray
NYJ,2024-25,RB1,breece hall
NYJ,2024-25,RB2,braelon allen
NYJ,2024-25,RB3,israel abanikanda
NYJ,2024-25,RB4,isaiah davis
PHI,2024-25,RB1,saquon barkley
PHI,2024-25,RB2,kenneth gainwell
PHI,2024-25,RB3,will shipley
PIT,2024-25,RB1,najee harris
PIT,2024-25,RB2,jaylen warren
PIT,2024-25,RB3,cordarrelle patterson
SEA,2024-25,RB1,kenneth walker iii
SEA,2024-25,RB2,zach charbonnet
SEA,2024-25,RB3,kenny mcintosh
SF,2024-25,RB1,christian mccaffrey
SF,2024-25,RB2,jordan mason
SF,2024-25,RB3,isaac guerendo
SF,2024-25,RB4,patrick taylor jr.
TB,2024-25,RB1,rachaad white
TB,2024-25,RB2,bucky irving
TB,2024-25,RB3,sean tucker
TEN,2024-25,RB1,tony pollard
TEN,2024-25,RB2,tyjae spears
TEN,2024-25,RB3,julius chestnut
WAS,2024-25,RB1,brian robinson jr.
WAS,2024-25,RB2,austin ekeler
WAS,2024-25,RB3,jeremy mcnichols
ARZ,2023-24,RB1,james conner
ARZ,2023-24,RB2,keaontay ingram
ARZ,2023-24,RB3,emari demercado
ATL,2023-24,RB1,bijan robinson
ATL,2023-24,RB2,tyler allgeier
ATL,2023-24,RB3,cordarrelle patterson
BAL,2023-24,RB1,j.k. dobbins
BAL,2023-24,RB2,gus edwards
BAL,2023-24,RB3,justice hill
BAL,2023-24,RB4,keaton mitchell
BUF,2023-24,RB1,james cook
BUF,2023-24,RB2,damien harris
BUF,2023-24,RB3,latavius murray
CAR,2023-24,RB1,miles sanders
CAR,2023-24,RB2,chuba hubbard
CAR,2023-24,RB3,raheem blackshear
CHI,2023-24,RB1,khalil herbert
CHI,2023-24,RB2,d'onta foreman
CHI,2023-24,RB3,roschon johnson
CHI,2023-24,RB4,travis homer
CIN,2023-24,RB1,joe mixon
CIN,2023-24,RB2,trayveon williams
CIN,2023-24,RB3,chase brown
CIN,2023-24,RB4,chris evans
CLE,2023-24,RB1,nick chubb
CLE,2023-24,RB2,jerome ford
CLE,2023-24,RB3,pierre strong jr.
DAL,2023-24,RB1,tony pollard
DAL,2023-24,RB2,rico dowdle
DAL,2023-24,RB3,deuce vaughn
DAL,2023-24,RB4,hunter luepke
DEN,2023-24,RB1,javonte williams
DEN,2023-24,RB2,samaje perine
DEN,2023-24,RB3,jaleel mclaughlin
DET,2023-24,RB1,david montgomery
DET,2023-24,RB2,jahmyr gibbs
DET,2023-24,RB3,craig reynolds
GB,2023-24,RB1,aaron jones
GB,2023-24,RB2,aj dillon
GB,2023-24,RB3,emanuel wilson
HOU,2023-24,RB1,dameon pierce
HOU,2023-24,RB2,devin singletary
HOU,2023-24,RB3,mike boone
HOU,2023-24,RB4,dare ogunbowale
IND,2023-24,RB1,zack moss
IND,2023-24,RB2,deon jackson
IND,2023-24,RB3,evan hull
JAX,2023-24,RB1,travis etienne jr.
JAX,2023-24,RB2,tank bigsby
JAX,2023-24,RB3,jamycal hasty
JAX,2023-24,RB4,d'ernest johnson
KC,2023-24,RB1,isiah pacheco
KC,2023-24,RB2,jerick mckinnon
KC,2023-24,RB3,clyde edwards-helaire
LAC,2023-24,RB1,austin ekeler
LAC,2023-24,RB2,joshua kelley
LAC,2023-24,RB3,isaiah spiller
LAC,2023-24,RB4,elijah dotson
LAR,2023-24,RB1,cam akers
LAR,2023-24,RB2,kyren williams
LAR,2023-24,RB3,ronnie rivers
LAR,2023-24,RB4,zach evans
LV,2023-24,RB1,josh jacobs
LV,2023-24,RB2,zamir white
LV,2023-24,RB3,ameer abdullah
LV,2023-24,RB4,brandon bolden
MIA,2023-24,RB1,raheem mostert
MIA,2023-24,RB2,de'von achane
MIA,2023-24,RB3,salvon ahmed
MIA,2023-24,RB4,chris brooks
MIN,2023-24,RB1,alexander mattison
MIN,2023-24,RB2,ty chandler
MIN,2023-24,RB3,myles gaskin
NE,2023-24,RB1,rhamondre stevenson
NE,2023-24,RB2,ezekiel elliott
NO,2023-24,RB1,jamaal williams
NO,2023-24,RB2,kendre miller
NO,2023-24,RB3,kirk merritt
NYG,2023-24,RB1,saquon barkley
NYG,2023-24,RB2,matt breida
NYG,2023-24,RB3,gary brightwell
NYG,2023-24,RB4,eric gray
NYJ,2023-24,RB1,breece hall
NYJ,2023-24,RB2,dalvin cook
NYJ,2023-24,RB3,michael carter
NYJ,2023-24,RB4,israel abanikanda
PHI,2023-24,RB1,d'andre swift
PHI,2023-24,RB2,kenneth gainwell
PHI,2023-24,RB3,rashaad penny
PHI,2023-24,RB4,boston scott
PIT,2023-24,RB1,najee harris
PIT,2023-24,RB2,jaylen warren
PIT,2023-24,RB3,anthony mcfarland jr.
SEA,2023-24,RB1,kenneth walker iii
SEA,2023-24,RB2,zach charbonnet
SEA,2023-24,RB3,deejay dallas
SEA,2023-24,RB4,kenny mcintosh
SF,2023-24,RB1,christian mccaffrey
SF,2023-24,RB2,elijah mitchell
SF,2023-24,RB3,jordan mason
SF,2023-24,RB4,tyrion davis-price
TB,2023-24,RB1,rachaad white
TB,2023-24,RB2,chase edmonds
TB,2023-24,RB3,ke'shawn vaughn
TB,2023-24,RB4,sean tucker
TEN,2023-24,RB1,derrick henry
TEN,2023-24,RB2,tyjae spears
TEN,2023-24,RB3,julius chestnut
WAS,2023-24,RB1,brian robinson jr.
WAS,2023-24,RB2,antonio gibson
WAS,2023-24,RB3,chris rodriguez jr.
ARZ,2022-23,RB1,james conner
ARZ,2022-23,RB2,eno benjamin
ARZ,2022-23,RB3,darrel williams
ARZ,2022-23,RB4,keaontay ingram
ATL,2022-23,RB1,cordarrelle patterson
ATL,2022-23,RB2,damien williams
ATL,2022-23,RB3,tyler allgeier
ATL,2022-23,RB4,avery williams
BAL,2022-23,RB1,j.k. dobbins
BAL,2022-23,RB2,mike davis
BAL,2022-23,RB3,kenyan drake
BAL,2022-23,RB4,justice hill
BUF,2022-23,RB1,devin singletary
BUF,2022-23,RB2,james cook
BUF,2022-23,RB3,zack moss
BUF,2022-23,RB4,taiwan jones
CAR,2022-23,RB1,christian mccaffrey
CAR,2022-23,RB2,d'onta foreman
CAR,2022-23,RB3,chuba hubbard
CHI,2022-23,RB1,david montgomery
CHI,2022-23,RB2,khalil herbert
CHI,2022-23,RB3,trestan ebner
CIN,2022-23,RB1,joe mixon
CIN,2022-23,RB2,samaje perine
CIN,2022-23,RB3,chris evans
CLE,2022-23,RB1,nick chubb
CLE,2022-23,RB2,kareem hunt
CLE,2022-23,RB3,d'ernest johnson
CLE,2022-23,RB4,jerome ford
DAL,2022-23,RB1,ezekiel elliott
DAL,2022-23,RB2,tony pollard
DAL,2022-23,RB3,rico dowdle
DEN,2022-23,RB1,javonte williams
DEN,2022-23,RB2,melvin gordon iii
DEN,2022-23,RB3,mike boone
DET,2022-23,RB1,d'andre swift
DET,2022-23,RB2,jamaal williams
DET,2022-23,RB3,craig reynolds
GB,2022-23,RB1,aaron jones
GB,2022-23,RB2,aj dillon
HOU,2022-23,RB1,dameon pierce
HOU,2022-23,RB2,rex burkhead
HOU,2022-23,RB3,dare ogunbowale
HOU,2022-23,RB4,royce freeman
IND,2022-23,RB1,jonathan taylor
IND,2022-23,RB2,nyheim hines
IND,2022-23,RB3,deon jackson
JAX,2022-23,RB1,travis etienne jr.
JAX,2022-23,RB2,james robinson
JAX,2022-23,RB3,snoop conner
JAX,2022-23,RB4,jamycal hasty
KC,2022-23,RB1,clyde edwards-helaire
KC,2022-23,RB2,jerick mckinnon
KC,2022-23,RB3,isiah pacheco
KC,2022-23,RB4,ronald jones
LAC,2022-23,RB1,austin ekeler
LAC,2022-23,RB2,joshua kelley
LAC,2022-23,RB3,sony michel
LAC,2022-23,RB4,isaiah spiller
LAR,2022-23,RB1,cam akers
LAR,2022-23,RB2,darrell henderson jr.
LAR,2022-23,RB3,kyren williams
LAR,2022-23,RB4,jake funk
LV,2022-23,RB1,josh jacobs
LV,2022-23,RB2,zamir white
LV,2022-23,RB3,brandon bolden
LV,2022-23,RB4,ameer abdullah
MIA,2022-23,RB1,chase edmonds
MIA,2022-23,RB2,raheem mostert
MIA,2022-23,RB3,myles gaskin
MIA,2022-23,RB4,salvon ahmed
MIN,2022-23,RB1,dalvin cook
MIN,2022-23,RB2,alexander mattison
MIN,2022-23,RB3,kene nwangwu
MIN,2022-23,RB4,ty chandler
NE,2022-23,RB1,damien harris
NE,2022-23,RB2,rhamondre stevenson
NE,2022-23,RB3,ty montgomery
NE,2022-23,RB4,pierre strong jr.
NO,2022-23,RB1,alvin kamara
NO,2022-23,RB2,mark ingram ii
NO,2022-23,RB3,dwayne washington
NO,2022-23,RB4,tony jones jr.
NYG,2022-23,RB1,saquon barkley
NYG,2022-23,RB2,matt breida
NYG,2022-23,RB3,antonio williams
NYG,2022-23,RB4,gary brightwell
NYJ,2022-23,RB1,breece hall
NYJ,2022-23,RB2,michael carter
NYJ,2022-23,RB3,ty johnson
NYJ,2022-23,RB4,zonovan knight
PHI,2022-23,RB1,miles sanders
PHI,2022-23,RB2,kenneth gainwell
PHI,2022-23,RB3,boston scott
PHI,2022-23,RB4,trey sermon
PIT,2022-23,RB1,najee harris
PIT,2022-23,RB2,benny snell jr.
PIT,2022-23,RB3,jaylen warren
SEA,2022-23,RB1,rashaad penny
SEA,2022-23,RB2,kenneth walker iii
SEA,2022-23,RB3,travis homer
SEA,2022-23,RB4,deejay dallas
SF,2022-23,RB1,elijah mitchell
SF,2022-23,RB2,jeff wilson jr.
SF,2022-23,RB3,tyrion davis-price
SF,2022-23,RB4,jordan mason
TB,2022-23,RB1,leonard fournette
TB,2022-23,RB2,rachaad white
TB,2022-23,RB3,ke'shawn vaughn
TB,2022-23,RB4,giovani bernard
TEN,2022-23,RB1,derrick henry
TEN,2022-23,RB2,dontrell hilliard
TEN,2022-23,RB3,hassan haskins
TEN,2022-23,RB4,julius chestnut
WAS,2022-23,RB1,antonio gibson
WAS,2022-23,RB2,j.d. mckissic
WAS,2022-23,RB3,jonathan williams
ARZ,2021-22,RB1,chase edmonds
ARZ,2021-22,RB2,james conner
ARZ,2021-22,RB3,jonathan ward
ARZ,2021-22,RB4,eno benjamin
ATL,2021-22,RB1,mike davis
ATL,2021-22,RB2,cordarrelle patterson
ATL,2021-22,RB3,keith smith
ATL,2021-22,RB4,qadree ollison
BAL,2021-22,RB1,gus edwards
BAL,2021-22,RB2,justice hill
BAL,2021-22,RB3,ty'son williams
BUF,2021-22,RB1,devin singletary
BUF,2021-22,RB2,zack moss
BUF,2021-22,RB3,matt breida
BUF,2021-22,RB4,taiwan jones
CAR,2021-22,RB1,christian mccaffrey
CAR,2021-22,RB2,chuba hubbard
CAR,2021-22,RB3,trenton cannon
CAR,2021-22,RB4,giovanni ricci
CHI,2021-22,RB1,david montgomery
CHI,2021-22,RB2,damien williams
CHI,2021-22,RB3,khalil herbert
CIN,2021-22,RB1,joe mixon
CIN,2021-22,RB2,samaje perine
CIN,2021-22,RB3,chris evans
CLE,2021-22,RB1,nick chubb
CLE,2021-22,RB2,kareem hunt
CLE,2021-22,RB3,d'ernest johnson
CLE,2021-22,RB4,demetric felton
DAL,2021-22,RB1,ezekiel elliott
DAL,2021-22,RB2,tony pollard
DEN,2021-22,RB1,melvin gordon
DEN,2021-22,RB2,royce freeman
