Player,Tm,Tgt20,Rec20,Ctch%20,Yds20,TD20,%Tgt20,Tgt10,Rec10,Ctch%10,Yds10,TD10,%Tgt10,Link
Travis Kelce,KAN,30,19,63.33%,102,10,28.00%,19,13,68.42%,44,8,29.70%,All Travis Kelce red zone receiving plays
Justin Jefferson,MIN,28,14,50.00%,106,6,28.60%,19,9,47.37%,59,5,36.50%,All Justin Jefferson red zone receiving plays
D.K. Metcalf,SEA,27,8,29.63%,62,5,40.30%,10,3,30.00%,15,3,37.00%,All D.K. Metcalf red zone receiving plays
Ja'Marr Chase,CIN,24,14,58.33%,113,5,27.60%,9,3,33.33%,19,3,25.70%,All Ja'Marr Chase red zone receiving plays
Stefon Diggs,BUF,23,11,47.83%,91,7,29.90%,12,5,41.67%,21,4,34.30%,All Stefon Diggs red zone receiving plays
Austin Ekeler,LAC,23,18,78.26%,65,5,24.00%,13,12,92.31%,0,3,28.30%,All Austin Ekeler red zone receiving plays
Davante Adams,LVR,22,10,45.45%,39,4,31.90%,12,5,41.67%,18,4,36.40%,All Davante Adams red zone receiving plays
Christian Kirk,JAX,22,12,54.55%,97,7,28.90%,10,6,60.00%,33,6,31.30%,All Christian Kirk red zone receiving plays
Amon-Ra St. Brown,DET,21,13,61.90%,98,6,24.40%,7,5,71.43%,20,4,17.10%,All Amon-Ra St. Brown red zone receiving plays
Adam Thielen,MIN,21,14,66.67%,78,5,21.40%,11,6,54.55%,13,4,21.20%,All Adam Thielen red zone receiving plays
David Njoku,CLE,20,12,60.00%,87,4,28.60%,7,3,42.86%,21,2,23.30%,All David Njoku red zone receiving plays
Garrett Wilson,NYJ,19,5,26.32%,35,3,30.20%,10,3,30.00%,15,2,35.70%,All Garrett Wilson red zone receiving plays
Russell Gage,TAM,18,12,66.67%,76,5,18.80%,9,6,66.67%,25,5,18.40%,All Russell Gage red zone receiving plays
T.J. Hockenson,2TM,18,10,55.56%,61,5,,8,3,37.50%,10,3,,All T.J. Hockenson red zone receiving plays
Zay Jones,JAX,18,8,44.44%,40,3,23.70%,7,4,57.14%,14,2,21.90%,All Zay Jones red zone receiving plays
Mark Andrews,BAL,17,10,58.82%,62,5,24.30%,6,3,50.00%,3,2,20.70%,All Mark Andrews red zone receiving plays
Allen Lazard,GNB,17,9,52.94%,50,4,23.00%,10,5,50.00%,15,3,31.30%,All Allen Lazard red zone receiving plays
A.J. Brown,PHI,16,8,50.00%,82,4,34.00%,8,3,37.50%,21,2,40.00%,All A.J. Brown red zone receiving plays
Amari Cooper,CLE,16,6,37.50%,54,6,22.90%,7,3,42.86%,17,3,23.30%,All Amari Cooper red zone receiving plays
Tyler Higbee,LAR,16,8,50.00%,61,3,24.20%,10,5,50.00%,31,3,25.60%,All Tyler Higbee red zone receiving plays
Diontae Johnson,PIT,16,6,37.50%,38,0,28.60%,5,2,40.00%,8,0,17.20%,All Diontae Johnson red zone receiving plays
Drake London,ATL,16,8,50.00%,59,4,33.30%,9,3,33.33%,13,3,32.10%,All Drake London red zone receiving plays
Dalton Schultz,DAL,16,8,50.00%,59,5,23.90%,8,6,75.00%,39,4,22.90%,All Dalton Schultz red zone receiving plays
JuJu Smith-Schuster,KAN,16,12,75.00%,73,1,15.00%,4,2,50.00%,2,1,6.30%,All JuJu Smith-Schuster red zone receiving plays
Brandon Aiyuk,SFO,15,10,66.67%,75,6,24.60%,4,3,75.00%,12,3,13.30%,All Brandon Aiyuk red zone receiving plays
Keenan Allen,LAC,15,9,60.00%,56,3,15.60%,7,3,42.86%,9,2,15.20%,All Keenan Allen red zone receiving plays
Zach Ertz,ARI,15,8,53.33%,42,4,24.60%,10,5,50.00%,28,4,35.70%,All Zach Ertz red zone receiving plays
Gerald Everett,LAC,15,9,60.00%,60,4,15.60%,7,3,42.86%,11,2,15.20%,All Gerald Everett red zone receiving plays
Chris Godwin,TAM,15,10,66.67%,65,3,15.60%,9,6,66.67%,32,3,18.40%,All Chris Godwin red zone receiving plays
George Kittle,SFO,15,8,53.33%,53,5,24.60%,8,4,50.00%,14,4,26.70%,All George Kittle red zone receiving plays
Jerick McKinnon,KAN,15,11,73.33%,50,7,14.00%,11,9,81.82%,46,7,17.20%,All Jerick McKinnon red zone receiving plays
Cade Otton,TAM,15,6,40.00%,19,2,15.60%,8,3,37.50%,7,2,16.30%,All Cade Otton red zone receiving plays
Mike Evans,TAM,14,7,50.00%,40,3,14.60%,7,2,28.57%,6,2,14.30%,All Mike Evans red zone receiving plays
Michael Pittman,IND,14,9,64.29%,58,4,22.20%,9,5,55.56%,18,3,28.10%,All Michael Pittman red zone receiving plays
Allen Robinson,LAR,14,5,35.71%,33,3,21.20%,12,4,33.33%,18,3,30.80%,All Allen Robinson red zone receiving plays
D'Andre Swift,DET,14,10,71.43%,64,1,16.30%,3,1,33.33%,7,1,7.30%,All D'Andre Swift red zone receiving plays
Gabriel Davis,BUF,13,6,46.15%,60,3,16.90%,5,1,20.00%,8,1,14.30%,All Gabriel Davis red zone receiving plays
Joe Mixon,CIN,13,9,69.23%,41,2,14.90%,6,2,33.33%,12,1,17.10%,All Joe Mixon red zone receiving plays
Donovan Peoples-Jones,CLE,13,5,38.46%,24,3,18.60%,7,3,42.86%,9,2,23.30%,All Donovan Peoples-Jones red zone receiving plays
Josh Reynolds,DET,13,6,46.15%,34,3,15.10%,10,5,50.00%,22,3,24.40%,All Josh Reynolds red zone receiving plays
Deebo Samuel,SFO,13,8,61.54%,46,1,21.30%,7,3,42.86%,16,1,23.30%,All Deebo Samuel red zone receiving plays
Christian Watson,GNB,13,8,61.54%,54,4,17.60%,7,4,57.14%,17,2,21.90%,All Christian Watson red zone receiving plays
Mike Williams,LAC,13,9,69.23%,83,4,13.50%,1,1,100.00%,10,1,2.20%,All Mike Williams red zone receiving plays
Robert Woods,TEN,13,7,53.85%,52,2,23.20%,5,3,60.00%,20,2,20.80%,All Robert Woods red zone receiving plays
Tyler Boyd,CIN,12,9,75.00%,72,4,13.80%,4,3,75.00%,7,2,11.40%,All Tyler Boyd red zone receiving plays
Michael Gallup,DAL,12,6,50.00%,52,4,17.90%,7,3,42.86%,19,2,20.00%,All Michael Gallup red zone receiving plays
Mike Gesicki,MIA,12,8,66.67%,63,5,19.40%,7,4,57.14%,19,3,22.60%,All Mike Gesicki red zone receiving plays
CeeDee Lamb,DAL,12,8,66.67%,52,4,17.90%,6,4,66.67%,17,3,17.10%,All CeeDee Lamb red zone receiving plays
DeVonta Smith,PHI,12,7,58.33%,64,5,25.50%,4,3,75.00%,18,3,20.00%,All DeVonta Smith red zone receiving plays
Courtland Sutton,DEN,12,4,33.33%,30,1,24.50%,6,1,16.67%,5,1,22.20%,All Courtland Sutton red zone receiving plays
Jordan Akins,HOU,11,6,54.55%,55,3,16.70%,3,2,66.67%,7,1,12.00%,All Jordan Akins red zone receiving plays
Noah Brown,DAL,11,7,63.64%,48,3,16.40%,5,3,60.00%,14,2,14.30%,All Noah Brown red zone receiving plays
Mack Hollins,LVR,11,5,45.45%,34,2,15.90%,7,3,42.86%,17,2,21.20%,All Mack Hollins red zone receiving plays
Juwan Johnson,NOR,11,7,63.64%,73,5,18.00%,4,3,75.00%,13,2,19.00%,All Juwan Johnson red zone receiving plays
Marvin Jones,JAX,11,6,54.55%,66,3,14.50%,5,3,60.00%,26,2,15.60%,All Marvin Jones red zone receiving plays
Alvin Kamara,NOR,11,7,63.64%,41,1,18.00%,1,1,100.00%,5,0,4.80%,All Alvin Kamara red zone receiving plays
Cooper Kupp,LAR,11,8,72.73%,56,4,16.70%,6,4,66.67%,15,3,15.40%,All Cooper Kupp red zone receiving plays
Isaiah Likely,BAL,11,6,54.55%,36,2,15.70%,7,3,42.86%,22,2,24.10%,All Isaiah Likely red zone receiving plays
Terry McLaurin,WAS,11,8,72.73%,69,3,20.40%,3,3,100.00%,14,1,10.70%,All Terry McLaurin red zone receiving plays
Chris Moore,HOU,11,5,45.45%,33,2,16.70%,2,1,50.00%,4,0,8.00%,All Chris Moore red zone receiving plays
Marquez Valdes-Scantling,KAN,11,3,27.27%,29,2,10.30%,5,1,20.00%,4,1,7.80%,All Marquez Valdes-Scantling red zone receiving plays
Darren Waller,LVR,11,4,36.36%,28,1,15.90%,7,2,28.57%,9,1,21.20%,All Darren Waller red zone receiving plays
Marquise Brown,ARI,10,5,50.00%,30,1,16.40%,2,1,50.00%,6,1,7.10%,All Marquise Brown red zone receiving plays
Brandin Cooks,HOU,10,7,70.00%,54,3,15.20%,4,1,25.00%,6,1,16.00%,All Brandin Cooks red zone receiving plays
Dalvin Cook,MIN,10,5,50.00%,34,1,10.20%,4,3,75.00%,13,0,7.70%,All Dalvin Cook red zone receiving plays
Pat Freiermuth,PIT,10,4,40.00%,26,2,17.90%,6,2,33.33%,18,2,20.70%,All Pat Freiermuth red zone receiving plays
Mecole Hardman,KAN,10,8,80.00%,52,4,9.30%,6,5,83.33%,22,4,9.40%,All Mecole Hardman red zone receiving plays
Tee Higgins,CIN,10,5,50.00%,41,4,11.50%,4,3,75.00%,19,3,11.40%,All Tee Higgins red zone receiving plays
Jerry Jeudy,DEN,10,6,60.00%,39,4,20.40%,6,4,66.67%,21,3,22.20%,All Jerry Jeudy red zone receiving plays
Cole Kmet,CHI,10,8,80.00%,60,6,27.00%,5,3,60.00%,20,3,29.40%,All Cole Kmet red zone receiving plays
D.J. Moore,CAR,10,5,50.00%,36,4,26.30%,5,3,60.00%,15,3,29.40%,All D.J. Moore red zone receiving plays
Chris Olave,NOR,10,7,70.00%,63,2,16.40%,2,2,100.00%,9,1,9.50%,All Chris Olave red zone receiving plays
Josh Oliver,BAL,10,4,40.00%,24,2,14.30%,3,1,33.33%,1,1,10.30%,All Josh Oliver red zone receiving plays
Demarcus Robinson,BAL,10,4,40.00%,28,2,14.30%,3,1,33.33%,6,1,10.30%,All Demarcus Robinson red zone receiving plays
Rex Burkhead,HOU,9,6,66.67%,30,1,13.60%,5,3,60.00%,15,1,20.00%,All Rex Burkhead red zone receiving plays
Parris Campbell,IND,9,3,33.33%,16,2,14.30%,5,3,60.00%,16,2,15.60%,All Parris Campbell red zone receiving plays
DeAndre Carter,LAC,9,4,44.44%,19,0,9.40%,3,2,66.67%,2,0,6.50%,All DeAndre Carter red zone receiving plays
Leonard Fournette,TAM,9,9,100.00%,52,3,9.40%,4,4,100.00%,14,2,8.20%,All Leonard Fournette red zone receiving plays
Tyreek Hill,MIA,9,4,44.44%,18,2,14.50%,6,2,33.33%,5,2,19.40%,All Tyreek Hill red zone receiving plays
Hayden Hurst,CIN,9,6,66.67%,42,2,10.30%,4,2,50.00%,3,1,11.40%,All Hayden Hurst red zone receiving plays
Aaron Jones,GNB,9,9,100.00%,34,3,12.20%,5,5,100.00%,22,3,15.60%,All Aaron Jones red zone receiving plays
Dawson Knox,BUF,9,7,77.78%,52,5,11.70%,5,4,80.00%,15,3,14.30%,All Dawson Knox red zone receiving plays
Christian McCaffrey,2TM,9,7,77.78%,54,3,,3,2,66.67%,12,2,,All Christian McCaffrey red zone receiving plays
Isaiah McKenzie,BUF,9,6,66.67%,50,4,11.70%,5,3,60.00%,19,3,14.30%,All Isaiah McKenzie red zone receiving plays
K.J. Osborn,MIN,9,7,77.78%,49,4,9.20%,5,3,60.00%,16,3,9.60%,All K.J. Osborn red zone receiving plays
Kalif Raymond,DET,9,5,55.56%,39,0,10.50%,3,1,33.33%,3,0,7.30%,All Kalif Raymond red zone receiving plays
Curtis Samuel,WAS,9,5,55.56%,27,2,16.70%,8,4,50.00%,12,1,28.60%,All Curtis Samuel red zone receiving plays
Harrison Bryant,CLE,8,3,37.50%,14,1,11.40%,4,2,50.00%,9,1,13.30%,All Harrison Bryant red zone receiving plays
Michael Carter,NYJ,8,5,62.50%,14,0,12.70%,3,0,0.00%,0,0,10.70%,All Michael Carter red zone receiving plays
Nico Collins,HOU,8,3,37.50%,22,2,12.10%,3,1,33.33%,6,1,12.00%,All Nico Collins red zone receiving plays
Corey Davis,NYJ,8,2,25.00%,10,1,12.70%,3,2,66.67%,10,1,10.70%,All Corey Davis red zone receiving plays
Romeo Doubs,GNB,8,6,75.00%,55,3,10.80%,1,1,100.00%,5,1,3.10%,All Romeo Doubs red zone receiving plays
Devin Duvernay,BAL,8,5,62.50%,36,2,11.40%,4,2,50.00%,13,1,13.80%,All Devin Duvernay red zone receiving plays
Evan Engram,JAX,8,3,37.50%,23,2,10.50%,3,1,33.33%,3,1,9.40%,All Evan Engram red zone receiving plays
Noah Fant,SEA,8,6,75.00%,25,4,11.90%,7,6,85.71%,25,4,25.90%,All Noah Fant red zone receiving plays
Dallas Goedert,PHI,8,6,75.00%,34,2,17.00%,3,2,66.67%,10,2,15.00%,All Dallas Goedert red zone receiving plays
Tyler Lockett,SEA,8,5,62.50%,34,2,11.90%,4,2,50.00%,13,2,14.80%,All Tyler Lockett red zone receiving plays
Josh Palmer,LAC,8,4,50.00%,20,2,8.30%,4,2,50.00%,13,2,8.70%,All Josh Palmer red zone receiving plays
Tony Pollard,DAL,8,4,50.00%,25,1,11.90%,5,2,40.00%,10,1,14.30%,All Tony Pollard red zone receiving plays
MyCole Pruitt,ATL,8,7,87.50%,29,4,16.70%,5,5,100.00%,21,4,17.90%,All MyCole Pruitt red zone receiving plays
Trent Sherfield,MIA,8,6,75.00%,48,1,12.90%,2,1,50.00%,5,0,6.50%,All Trent Sherfield red zone receiving plays
Jaylen Waddle,MIA,8,4,50.00%,36,4,12.90%,5,3,60.00%,18,3,16.10%,All Jaylen Waddle red zone receiving plays
Rachaad White,TAM,8,6,75.00%,19,2,8.30%,2,2,100.00%,9,2,4.10%,All Rachaad White red zone receiving plays
Randall Cobb,GNB,7,3,42.86%,25,1,9.50%,2,0,0.00%,0,0,6.30%,All Randall Cobb red zone receiving plays
Jahan Dotson,WAS,7,6,85.71%,55,5,13.00%,5,4,80.00%,22,4,17.90%,All Jahan Dotson red zone receiving plays
Najee Harris,PIT,7,4,57.14%,19,3,12.50%,5,3,60.00%,17,3,17.20%,All Najee Harris red zone receiving plays
Hunter Henry,NWE,7,1,14.29%,13,0,15.20%,3,0,0.00%,0,0,10.70%,All Hunter Henry red zone receiving plays
Dontrell Hilliard,TEN,7,5,71.43%,46,3,12.50%,2,1,50.00%,7,1,8.30%,All Dontrell Hilliard red zone receiving plays
Nyheim Hines,2TM,7,6,85.71%,45,1,,1,1,100.00%,10,1,,All Nyheim Hines red zone receiving plays
Kareem Hunt,CLE,7,3,42.86%,8,1,10.00%,3,2,66.67%,6,1,10.00%,All Kareem Hunt red zone receiving plays
Richie James,NYG,7,7,100.00%,55,4,17.90%,4,4,100.00%,18,3,20.00%,All Richie James red zone receiving plays
Jakobi Meyers,NWE,7,5,71.43%,23,3,15.20%,5,4,80.00%,14,3,17.90%,All Jakobi Meyers red zone receiving plays
Elijah Moore,NYJ,7,3,42.86%,12,0,11.10%,1,0,0.00%,0,0,3.60%,All Elijah Moore red zone receiving plays
Raheem Mostert,MIA,7,6,85.71%,13,2,11.30%,4,3,75.00%,19,2,12.90%,All Raheem Mostert red zone receiving plays
Samaje Perine,CIN,7,5,71.43%,33,3,8.00%,2,1,50.00%,6,1,5.70%,All Samaje Perine red zone receiving plays
Devin Singletary,BUF,7,4,57.14%,15,1,9.10%,3,2,66.67%,3,1,8.60%,All Devin Singletary red zone receiving plays
Logan Thomas,WAS,7,4,57.14%,15,0,13.00%,3,1,33.33%,0,0,10.70%,All Logan Thomas red zone receiving plays
Tommy Tremble,CAR,7,4,57.14%,26,2,18.40%,6,3,50.00%,9,1,35.30%,All Tommy Tremble red zone receiving plays
Nick Westbrook-Ikhine,TEN,7,3,42.86%,24,2,12.50%,3,2,66.67%,11,2,12.50%,All Nick Westbrook-Ikhine red zone receiving plays
Ameer Abdullah,LVR,6,5,83.33%,48,1,8.70%,1,1,100.00%,2,0,3.00%,All Ameer Abdullah red zone receiving plays
Jamal Agnew,JAX,6,5,83.33%,26,3,7.90%,3,3,100.00%,13,3,9.40%,All Jamal Agnew red zone receiving plays
Daniel Bellinger,NYG,6,5,83.33%,47,2,15.40%,1,1,100.00%,8,1,5.00%,All Daniel Bellinger red zone receiving plays
Chase Claypool,2TM,6,2,33.33%,10,1,,3,2,66.67%,10,1,,All Chase Claypool red zone receiving plays
James Cook,BUF,6,3,50.00%,24,1,7.80%,2,1,50.00%,4,1,5.70%,All James Cook red zone receiving plays
Will Dissly,SEA,6,5,83.33%,47,2,9.00%,2,1,50.00%,3,0,7.40%,All Will Dissly red zone receiving plays
Clyde Edwards-Helaire,KAN,6,6,100.00%,28,3,5.60%,5,5,100.00%,19,3,7.80%,All Clyde Edwards-Helaire red zone receiving plays
Antonio Gibson,WAS,6,3,50.00%,29,2,11.10%,2,2,100.00%,18,2,7.10%,All Antonio Gibson red zone receiving plays
A.J. Green,ARI,6,1,16.67%,6,1,9.80%,4,1,25.00%,6,1,14.30%,All A.J. Green red zone receiving plays
Damien Harris,NWE,6,3,50.00%,3,0,13.00%,6,3,50.00%,3,0,21.40%,All Damien Harris red zone receiving plays
Derrick Henry,TEN,6,4,66.67%,17,0,10.70%,3,2,66.67%,8,0,12.50%,All Derrick Henry red zone receiving plays
Isaiah Hodgins,2TM,6,6,100.00%,35,4,,4,4,100.00%,21,4,,All Isaiah Hodgins red zone receiving plays
Austin Hooper,TEN,6,4,66.67%,35,2,10.70%,2,2,100.00%,10,1,8.30%,All Austin Hooper red zone receiving plays
DeAndre Hopkins,ARI,6,3,50.00%,18,1,9.80%,2,1,50.00%,6,1,7.10%,All DeAndre Hopkins red zone receiving plays
Julio Jones,TAM,6,4,66.67%,36,1,6.30%,3,1,33.33%,8,1,6.10%,All Julio Jones red zone receiving plays
Jarvis Landry,NOR,6,2,33.33%,15,1,9.80%,2,1,50.00%,7,1,9.50%,All Jarvis Landry red zone receiving plays
Terrace Marshall,CAR,6,0,0.00%,0,0,15.80%,3,0,0.00%,0,0,17.60%,All Terrace Marshall red zone receiving plays
Darnell Mooney,CHI,6,5,83.33%,51,2,16.20%,3,2,66.67%,6,0,17.60%,All Darnell Mooney red zone receiving plays
Rondale Moore,ARI,6,2,33.33%,4,0,9.80%,2,0,0.00%,0,0,7.10%,All Rondale Moore red zone receiving plays
Chigoziem Okonkwo,TEN,6,3,50.00%,28,2,10.70%,3,2,66.67%,18,2,12.50%,All Chigoziem Okonkwo red zone receiving plays
George Pickens,PIT,6,2,33.33%,21,2,10.70%,4,1,25.00%,7,1,13.80%,All George Pickens red zone receiving plays
Alec Pierce,IND,6,1,16.67%,15,1,9.50%,3,0,0.00%,0,0,9.40%,All Alec Pierce red zone receiving plays
Irv Smith,MIN,6,4,66.67%,22,2,6.10%,3,2,66.67%,3,2,5.80%,All Irv Smith red zone receiving plays
Rhamondre Stevenson,NWE,6,5,83.33%,19,1,13.00%,2,2,100.00%,8,1,7.10%,All Rhamondre Stevenson red zone receiving plays
Javonte Williams,DEN,6,3,50.00%,12,0,12.20%,3,1,33.33%,6,0,11.10%,All Javonte Williams red zone receiving plays
Jeff Wilson,2TM,6,5,83.33%,33,1,,3,3,100.00%,19,1,,All Jeff Wilson red zone receiving plays
Jelani Woods,IND,6,4,66.67%,29,3,9.50%,3,2,66.67%,11,2,9.40%,All Jelani Woods red zone receiving plays
Olamide Zaccheaus,ATL,6,4,66.67%,33,3,12.50%,3,1,33.33%,3,1,10.70%,All Olamide Zaccheaus red zone receiving plays
Braxton Berrios,NYJ,5,2,40.00%,7,0,7.90%,3,1,33.33%,1,0,10.70%,All Braxton Berrios red zone receiving plays
Marquez Callaway,NOR,5,2,40.00%,16,1,8.20%,2,1,50.00%,4,1,9.50%,All Marquez Callaway red zone receiving plays
Greg Dortch,ARI,5,4,80.00%,15,2,8.20%,3,3,100.00%,15,2,10.70%,All Greg Dortch red zone receiving plays
Kenyan Drake,BAL,5,3,60.00%,29,1,7.10%,1,1,100.00%,5,1,3.40%,All Kenyan Drake red zone receiving plays
Travis Etienne,JAX,5,3,60.00%,2,0,6.60%,2,1,50.00%,2,0,6.30%,All Travis Etienne red zone receiving plays
Jody Fortson,KAN,5,2,40.00%,11,2,4.70%,5,2,40.00%,11,2,7.80%,All Jody Fortson red zone receiving plays
Breece Hall,NYJ,5,3,60.00%,17,1,7.90%,2,2,100.00%,14,1,7.10%,All Breece Hall red zone receiving plays
Mark Ingram,NOR,5,4,80.00%,11,0,8.20%,3,2,66.67%,6,0,14.30%,All Mark Ingram red zone receiving plays
Trenton Irwin,CIN,5,3,60.00%,18,2,5.70%,3,2,66.67%,5,2,8.60%,All Trenton Irwin red zone receiving plays
Van Jefferson,LAR,5,4,80.00%,20,2,7.60%,3,2,66.67%,10,2,7.70%,All Van Jefferson red zone receiving plays
Alexander Mattison,MIN,5,5,100.00%,33,1,5.10%,1,1,100.00%,-1,0,1.90%,All Alexander Mattison red zone receiving plays
Foster Moreau,LVR,5,2,40.00%,9,2,7.20%,3,2,66.67%,9,2,9.10%,All Foster Moreau red zone receiving plays
Colby Parkinson,SEA,5,2,40.00%,19,1,7.50%,1,0,0.00%,0,0,3.70%,All Colby Parkinson red zone receiving plays
Kyle Pitts,ATL,5,3,60.00%,9,2,10.40%,4,3,75.00%,9,2,14.30%,All Kyle Pitts red zone receiving plays
Teagan Quitoriano,HOU,5,2,40.00%,10,2,7.60%,3,2,66.67%,10,2,12.00%,All Teagan Quitoriano red zone receiving plays
Hunter Renfrow,LVR,5,3,60.00%,34,2,7.20%,1,0,0.00%,0,0,3.00%,All Hunter Renfrow red zone receiving plays
Shi Smith,CAR,5,2,40.00%,32,2,13.20%,1,0,0.00%,0,0,5.90%,All Shi Smith red zone receiving plays
Geoff Swaim,TEN,5,3,60.00%,7,1,8.90%,2,2,100.00%,4,1,8.30%,All Geoff Swaim red zone receiving plays
Tyquan Thornton,NWE,5,3,60.00%,17,2,10.90%,4,2,50.00%,9,2,14.30%,All Tyquan Thornton red zone receiving plays
Kadarius Toney,KAN,5,5,100.00%,28,2,4.70%,4,4,100.00%,25,2,6.30%,All Kadarius Toney red zone receiving plays
Robert Tonyan,GNB,5,2,40.00%,14,0,6.80%,0,0,,0,0,0.00%,All Robert Tonyan red zone receiving plays
Sammy Watkins,GNB,5,2,40.00%,13,0,6.80%,2,0,0.00%,0,0,6.30%,All Sammy Watkins red zone receiving plays
Brock Wright,DET,5,5,100.00%,34,3,5.80%,4,4,100.00%,17,3,9.80%,All Brock Wright red zone receiving plays
Mo Alie-Cox,IND,4,3,75.00%,25,3,6.30%,3,2,66.67%,11,2,9.40%,All Mo Alie-Cox red zone receiving plays
Eno Benjamin,ARI,4,3,75.00%,18,0,6.60%,1,0,0.00%,0,0,3.60%,All Eno Benjamin red zone receiving plays
Kendrick Bourne,NWE,4,3,75.00%,23,1,8.70%,2,1,50.00%,5,1,7.10%,All Kendrick Bourne red zone receiving plays
Cameron Brate,TAM,4,1,25.00%,8,0,4.20%,2,0,0.00%,0,0,4.10%,All Cameron Brate red zone receiving plays
Treylon Burks,TEN,4,2,50.00%,19,0,7.10%,3,1,33.33%,6,0,12.50%,All Treylon Burks red zone receiving plays
DJ Chark,DET,4,2,50.00%,10,1,4.70%,2,1,50.00%,1,1,4.90%,All DJ Chark red zone receiving plays
Tyler Conklin,NYJ,4,3,75.00%,20,3,6.30%,3,3,100.00%,20,3,10.70%,All Tyler Conklin red zone receiving plays
James Conner,ARI,4,3,75.00%,19,1,6.60%,2,1,50.00%,6,1,7.10%,All James Conner red zone receiving plays
AJ Dillon,GNB,4,2,50.00%,12,0,5.40%,2,1,50.00%,6,0,6.30%,All AJ Dillon red zone receiving plays
Ashton Dulin,IND,4,3,75.00%,34,1,6.30%,2,1,50.00%,7,0,6.30%,All Ashton Dulin red zone receiving plays
Chase Edmonds,MIA,4,3,75.00%,28,1,6.50%,2,1,50.00%,7,1,6.50%,All Chase Edmonds red zone receiving plays
Marquise Goodwin,SEA,4,3,75.00%,27,1,6.00%,0,0,,0,0,0.00%,All Marquise Goodwin red zone receiving plays
Noah Gray,KAN,4,3,75.00%,28,1,3.70%,2,1,50.00%,5,0,3.10%,All Noah Gray red zone receiving plays
Kendall Hinton,DEN,4,3,75.00%,22,0,8.20%,2,2,100.00%,8,0,7.40%,All Kendall Hinton red zone receiving plays
Justin Jackson,DET,4,3,75.00%,19,1,4.70%,1,1,100.00%,2,1,2.40%,All Justin Jackson red zone receiving plays
Josh Jacobs,LVR,4,2,50.00%,7,0,5.80%,1,0,0.00%,0,0,3.00%,All Josh Jacobs red zone receiving plays
J.D. McKissic,WAS,4,0,0.00%,0,0,7.40%,4,0,0.00%,0,0,14.30%,All J.D. McKissic red zone receiving plays
Tre' McKitty,LAC,4,1,25.00%,3,0,4.20%,4,1,25.00%,3,0,8.70%,All Tre' McKitty red zone receiving plays
Scott Miller,TAM,4,2,50.00%,12,0,4.20%,3,1,33.33%,5,0,6.10%,All Scott Miller red zone receiving plays
DeVante Parker,NWE,4,3,75.00%,12,1,8.70%,2,1,50.00%,2,1,7.10%,All DeVante Parker red zone receiving plays
Dante Pettis,CHI,4,2,50.00%,8,1,10.80%,2,1,50.00%,6,1,11.80%,All Dante Pettis red zone receiving plays
Brandon Powell,LAR,4,4,100.00%,17,0,6.10%,2,2,100.00%,4,0,5.10%,All Brandon Powell red zone receiving plays
Jonnu Smith,NWE,4,3,75.00%,14,0,8.70%,2,1,50.00%,8,0,7.10%,All Jonnu Smith red zone receiving plays
Mike Strachan,IND,4,0,0.00%,0,0,6.30%,3,0,0.00%,0,0,9.40%,All Mike Strachan red zone receiving plays
Eric Tomlinson,DEN,4,2,50.00%,6,2,8.20%,4,2,50.00%,6,2,14.80%,All Eric Tomlinson red zone receiving plays
Jaylen Warren,PIT,4,4,100.00%,23,0,7.10%,1,1,100.00%,3,0,3.40%,All Jaylen Warren red zone receiving plays
Quez Watkins,PHI,4,2,50.00%,1,0,8.50%,1,0,0.00%,0,0,5.00%,All Quez Watkins red zone receiving plays
Shane Zylstra,DET,4,4,100.00%,12,4,4.70%,4,4,100.00%,12,4,9.80%,All Shane Zylstra red zone receiving plays
Cam Akers,LAR,3,2,66.67%,4,0,4.50%,3,2,66.67%,4,0,7.70%,All Cam Akers red zone receiving plays
Robbie Chosen,2TM,3,1,33.33%,9,0,,1,0,0.00%,0,0,,All Robbie Chosen red zone receiving plays
Gary Brightwell,NYG,3,2,66.67%,18,0,7.70%,1,1,100.00%,6,0,5.00%,All Gary Brightwell red zone receiving plays
Keelan Cole,LVR,3,0,0.00%,0,0,4.30%,1,0,0.00%,0,0,3.00%,All Keelan Cole red zone receiving plays
River Cracraft,MIA,3,2,66.67%,13,2,4.80%,2,1,50.00%,2,1,6.50%,All River Cracraft red zone receiving plays
Bryan Edwards,ATL,3,2,66.67%,5,0,6.30%,2,1,50.00%,3,0,7.10%,All Bryan Edwards red zone receiving plays
Jake Ferguson,DAL,3,3,100.00%,15,2,4.50%,2,2,100.00%,8,2,5.70%,All Jake Ferguson red zone receiving plays
Kenneth Gainwell,PHI,3,1,33.33%,5,0,6.40%,3,1,33.33%,5,0,15.00%,All Kenneth Gainwell red zone receiving plays
Myles Gaskin,MIA,3,1,33.33%,2,0,4.80%,0,0,,0,0,0.00%,All Myles Gaskin red zone receiving plays
Reggie Gilliam,BUF,3,3,100.00%,26,1,3.90%,0,0,,0,0,0.00%,All Reggie Gilliam red zone receiving plays
Kylen Granson,IND,3,2,66.67%,3,0,4.80%,0,0,,0,0,0.00%,All Kylen Granson red zone receiving plays
Connor Heyward,PIT,3,2,66.67%,26,1,5.40%,1,0,0.00%,0,0,3.40%,All Connor Heyward red zone receiving plays
Taysom Hill,NOR,3,2,66.67%,8,1,4.90%,3,2,66.67%,8,1,14.30%,All Taysom Hill red zone receiving plays
O.J. Howard,HOU,3,1,33.33%,16,1,4.50%,1,0,0.00%,0,0,4.00%,All O.J. Howard red zone receiving plays
Deon Jackson,IND,3,3,100.00%,16,1,4.80%,1,1,100.00%,1,1,3.10%,All Deon Jackson red zone receiving plays
Jauan Jennings,SFO,3,2,66.67%,6,1,4.90%,2,2,100.00%,6,1,6.70%,All Jauan Jennings red zone receiving plays
Marcus Johnson,NYG,3,0,0.00%,0,0,7.70%,3,0,0.00%,0,0,15.00%,All Marcus Johnson red zone receiving plays
Dax Milne,WAS,3,3,100.00%,24,1,5.60%,1,1,100.00%,6,1,3.60%,All Dax Milne red zone receiving plays
David Montgomery,CHI,3,3,100.00%,15,1,8.10%,1,1,100.00%,10,1,5.90%,All David Montgomery red zone receiving plays
Johnny Mundt,MIN,3,2,66.67%,18,1,3.10%,2,1,50.00%,1,1,3.80%,All Johnny Mundt red zone receiving plays
Cordarrelle Patterson,ATL,3,1,33.33%,2,0,6.30%,2,0,0.00%,0,0,7.10%,All Cordarrelle Patterson red zone receiving plays
James Robinson,2TM,3,2,66.67%,10,2,,2,2,100.00%,10,2,,All James Robinson red zone receiving plays
Eric Saubert,DEN,3,1,33.33%,7,0,6.10%,0,0,,0,0,0.00%,All Eric Saubert red zone receiving plays
Cam Sims,WAS,3,1,33.33%,12,0,5.60%,1,0,0.00%,0,0,3.60%,All Cam Sims red zone receiving plays
Ben Skowronek,LAR,3,0,0.00%,0,0,4.50%,1,0,0.00%,0,0,2.60%,All Ben Skowronek red zone receiving plays
Darius Slayton,NYG,3,2,66.67%,16,0,7.70%,1,1,100.00%,6,0,5.00%,All Darius Slayton red zone receiving plays
Durham Smythe,MIA,3,2,66.67%,9,1,4.80%,1,1,100.00%,4,1,3.20%,All Durham Smythe red zone receiving plays
Jonathan Taylor,IND,3,2,66.67%,5,0,4.80%,1,1,100.00%,4,0,3.10%,All Jonathan Taylor red zone receiving plays
Mike Thomas,CIN,3,0,0.00%,0,0,3.40%,1,0,0.00%,0,0,2.90%,All Mike Thomas red zone receiving plays
Michael Thomas,NOR,3,3,100.00%,19,3,4.90%,3,3,100.00%,19,3,14.30%,All Michael Thomas red zone receiving plays
Adam Trautman,NOR,3,2,66.67%,19,0,4.90%,0,0,,0,0,0.00%,All Adam Trautman red zone receiving plays
Avery Williams,ATL,3,3,100.00%,11,0,6.30%,1,1,100.00%,7,0,3.60%,All Avery Williams red zone receiving plays
Nelson Agholor,NWE,2,1,50.00%,13,0,4.30%,1,0,0.00%,0,0,3.60%,All Nelson Agholor red zone receiving plays
Dan Arnold,JAX,2,1,50.00%,8,0,2.60%,0,0,,0,0,0.00%,All Dan Arnold red zone receiving plays
Tutu Atwell,LAR,2,1,50.00%,3,0,3.00%,1,0,0.00%,0,0,2.60%,All Tutu Atwell red zone receiving plays
Saquon Barkley,NYG,2,0,0.00%,0,0,5.10%,1,0,0.00%,0,0,5.00%,All Saquon Barkley red zone receiving plays
John Bates,WAS,2,1,50.00%,16,1,3.70%,0,0,,0,0,0.00%,All John Bates red zone receiving plays
Mike Boone,DEN,2,1,50.00%,2,0,4.10%,1,0,0.00%,0,0,3.70%,All Mike Boone red zone receiving plays
Malcolm Brown,LAR,2,1,50.00%,3,0,3.00%,1,1,100.00%,3,0,2.60%,All Malcolm Brown red zone receiving plays
Pharaoh Brown,CLE,2,1,50.00%,5,0,2.90%,0,0,,0,0,0.00%,All Pharaoh Brown red zone receiving plays
Grant Calcaterra,PHI,2,1,50.00%,-2,0,4.30%,0,0,,0,0,0.00%,All Grant Calcaterra red zone receiving plays
Malik Davis,DAL,2,2,100.00%,15,0,3.00%,0,0,,0,0,0.00%,All Malik Davis red zone receiving plays
J.K. Dobbins,BAL,2,1,50.00%,1,1,2.90%,2,1,50.00%,1,1,6.90%,All J.K. Dobbins red zone receiving plays
Phillip Dorsett,HOU,2,0,0.00%,0,0,3.00%,1,0,0.00%,0,0,4.00%,All Phillip Dorsett red zone receiving plays
Greg Dulcich,DEN,2,1,50.00%,11,1,4.10%,1,0,0.00%,0,0,3.70%,All Greg Dulcich red zone receiving plays
D'Wayne Eskridge,SEA,2,1,50.00%,3,0,3.00%,1,0,0.00%,0,0,3.70%,All D'Wayne Eskridge red zone receiving plays
Zach Gentry,PIT,2,1,50.00%,2,0,3.60%,2,1,50.00%,2,0,6.90%,All Zach Gentry red zone receiving plays
Melvin Gordon,DEN,2,2,100.00%,14,0,4.10%,1,1,100.00%,8,0,3.70%,All Melvin Gordon red zone receiving plays
Ryan Griffin,CHI,2,1,50.00%,2,0,5.40%,1,0,0.00%,0,0,5.90%,All Ryan Griffin red zone receiving plays
C.J. Ham,MIN,2,2,100.00%,7,0,2.00%,2,2,100.00%,7,0,3.80%,All C.J. Ham red zone receiving plays
Darrell Henderson,LAR,2,1,50.00%,7,0,3.00%,0,0,,0,0,0.00%,All Darrell Henderson red zone receiving plays
Parker Hesse,ATL,2,1,50.00%,5,0,4.20%,0,0,,0,0,0.00%,All Parker Hesse red zone receiving plays
Zander Horvath,LAC,2,2,100.00%,2,2,2.10%,2,2,100.00%,2,2,4.30%,All Zander Horvath red zone receiving plays
Alec Ingold,MIA,2,2,100.00%,15,1,3.20%,0,0,,0,0,0.00%,All Alec Ingold red zone receiving plays
DeSean Jackson,BAL,2,0,0.00%,0,0,2.90%,0,0,,0,0,0.00%,All DeSean Jackson red zone receiving plays
Brandon Johnson,DEN,2,1,50.00%,1,1,4.10%,2,1,50.00%,1,1,7.40%,All Brandon Johnson red zone receiving plays
Velus Jones,CHI,2,1,50.00%,9,1,5.40%,1,1,100.00%,9,1,5.90%,All Velus Jones red zone receiving plays
Brevin Jordan,HOU,2,0,0.00%,0,0,3.00%,0,0,,0,0,0.00%,All Brevin Jordan red zone receiving plays
Kyle Juszczyk,SFO,2,2,100.00%,3,1,3.30%,2,2,100.00%,3,1,6.70%,All Kyle Juszczyk red zone receiving plays
Zonovan Knight,NYJ,2,2,100.00%,9,0,3.20%,0,0,,0,0,0.00%,All Zonovan Knight red zone receiving plays
Marcedes Lewis,GNB,2,2,100.00%,3,2,2.70%,2,2,100.00%,3,2,6.30%,All Marcedes Lewis red zone receiving plays
Quintin Morris,BUF,2,2,100.00%,14,1,2.60%,1,1,100.00%,0,0,2.90%,All Quintin Morris red zone receiving plays
Chris Myarick,NYG,2,2,100.00%,5,1,5.10%,1,1,100.00%,1,1,5.00%,All Chris Myarick red zone receiving plays
Dare Ogunbowale,HOU,2,0,0.00%,0,0,3.00%,1,0,0.00%,0,0,4.00%,All Dare Ogunbowale red zone receiving plays
Donald Parham,LAC,2,1,50.00%,3,1,2.10%,2,1,50.00%,3,1,4.30%,All Donald Parham red zone receiving plays
Dameon Pierce,HOU,2,2,100.00%,5,1,3.00%,1,1,100.00%,3,1,4.00%,All Dameon Pierce red zone receiving plays
James Proche,BAL,2,1,50.00%,6,0,2.90%,1,1,100.00%,6,0,3.40%,All James Proche red zone receiving plays
Wan'Dale Robinson,NYG,2,1,50.00%,5,1,5.10%,1,1,100.00%,5,1,5.00%,All Wan'Dale Robinson red zone receiving plays
Richard Rodgers,LAC,2,0,0.00%,0,0,2.10%,2,0,0.00%,0,0,4.30%,All Richard Rodgers red zone receiving plays
Kyle Rudolph,TAM,2,1,50.00%,8,1,2.10%,1,1,100.00%,8,1,2.00%,All Kyle Rudolph red zone receiving plays
Laviska Shenault,CAR,2,2,100.00%,11,0,5.30%,0,0,,0,0,0.00%,All Laviska Shenault red zone receiving plays
David Sills,NYG,2,2,100.00%,18,0,5.10%,1,1,100.00%,5,0,5.00%,All David Sills red zone receiving plays
Tre'Quan Smith,NOR,2,1,50.00%,18,1,3.30%,1,0,0.00%,0,0,4.80%,All Tre'Quan Smith red zone receiving plays
Equanimeous St. Brown,CHI,2,1,50.00%,18,1,5.40%,0,0,,0,0,0.00%,All Equanimeous St. Brown red zone receiving plays
Ian Thomas,CAR,2,2,100.00%,9,0,5.30%,0,0,,0,0,0.00%,All Ian Thomas red zone receiving plays
Laquon Treadwell,SEA,2,2,100.00%,6,0,3.00%,0,0,,0,0,0.00%,All Laquon Treadwell red zone receiving plays
Justin Watson,KAN,2,1,50.00%,4,1,1.90%,2,1,50.00%,4,1,3.10%,All Justin Watson red zone receiving plays
Derek Watt,PIT,2,2,100.00%,2,1,3.60%,2,2,100.00%,2,1,6.90%,All Derek Watt red zone receiving plays
Trevon Wesco,CHI,2,1,50.00%,3,0,5.40%,1,1,100.00%,3,0,5.90%,All Trevon Wesco red zone receiving plays
Jordan Wilkins,IND,2,2,100.00%,6,0,3.20%,1,1,100.00%,4,0,3.10%,All Jordan Wilkins red zone receiving plays
Jamaal Williams,DET,2,2,100.00%,5,0,2.30%,1,1,100.00%,3,0,2.40%,All Jamaal Williams red zone receiving plays
Michael Woods,CLE,2,1,50.00%,4,0,2.90%,1,0,0.00%,0,0,3.30%,All Michael Woods red zone receiving plays
Andre Baccellia,ARI,1,0,0.00%,0,0,1.60%,0,0,,0,0,0.00%,All Andre Baccellia red zone receiving plays
David Bakhtiari,GNB,1,0,0.00%,0,0,1.40%,1,0,0.00%,0,0,3.10%,All David Bakhtiari red zone receiving plays
Michael Bandy,LAC,1,1,100.00%,4,0,1.00%,0,0,,0,0,0.00%,All Michael Bandy red zone receiving plays
Rashod Bateman,BAL,1,1,100.00%,4,0,1.40%,1,1,100.00%,4,0,3.40%,All Rashod Bateman red zone receiving plays
Cole Beasley,BUF,1,0,0.00%,0,0,1.30%,1,0,0.00%,0,0,2.90%,All Cole Beasley red zone receiving plays
Blake Bell,KAN,1,1,100.00%,17,1,0.90%,0,0,,0,0,0.00%,All Blake Bell red zone receiving plays
David Bell,CLE,1,1,100.00%,6,0,1.40%,0,0,,0,0,0.00%,All David Bell red zone receiving plays
Raheem Blackshear,CAR,1,1,100.00%,0,0,2.60%,1,1,100.00%,0,0,5.90%,All Raheem Blackshear red zone receiving plays
Brandon Bolden,LVR,1,1,100.00%,18,1,1.40%,0,0,,0,0,0.00%,All Brandon Bolden red zone receiving plays
Jason Cabinda,DET,1,0,0.00%,0,0,1.20%,0,0,,0,0,0.00%,All Jason Cabinda red zone receiving plays
Lawrence Cager,NYG,1,1,100.00%,9,1,2.60%,1,1,100.00%,9,1,5.00%,All Lawrence Cager red zone receiving plays
Nick Chubb,CLE,1,1,100.00%,2,1,1.40%,1,1,100.00%,2,1,3.30%,All Nick Chubb red zone receiving plays
Tyrie Cleveland,DEN,1,0,0.00%,0,0,2.00%,0,0,,0,0,0.00%,All Tyrie Cleveland red zone receiving plays
Tevin Coleman,SFO,1,1,100.00%,9,1,1.60%,1,1,100.00%,9,1,3.30%,All Tevin Coleman red zone receiving plays
DeeJay Dallas,SEA,1,1,100.00%,4,0,1.50%,1,1,100.00%,4,0,3.70%,All DeeJay Dallas red zone receiving plays
Josiah Deguara,GNB,1,1,100.00%,9,0,1.40%,0,0,,0,0,0.00%,All Josiah Deguara red zone receiving plays
Ben Ellefson,MIN,1,1,100.00%,2,0,1.00%,0,0,,0,0,0.00%,All Ben Ellefson red zone receiving plays
Ezekiel Elliott,DAL,1,1,100.00%,3,0,1.50%,1,1,100.00%,3,0,2.90%,All Ezekiel Elliott red zone receiving plays
Chris Evans,CIN,1,1,100.00%,8,1,1.10%,1,1,100.00%,8,1,2.90%,All Chris Evans red zone receiving plays
Anthony Firkser,ATL,1,0,0.00%,0,0,2.10%,1,0,0.00%,0,0,3.60%,All Anthony Firkser red zone receiving plays
D'Onta Foreman,CAR,1,1,100.00%,-4,0,2.60%,0,0,,0,0,0.00%,All D'Onta Foreman red zone receiving plays
Kenny Golladay,NYG,1,0,0.00%,0,0,2.60%,1,0,0.00%,0,0,5.00%,All Kenny Golladay red zone receiving plays
Troy Hairston,HOU,1,0,0.00%,0,0,1.50%,1,0,0.00%,0,0,4.00%,All Troy Hairston red zone receiving plays
N'Keal Harry,CHI,1,1,100.00%,17,1,2.70%,0,0,,0,0,0.00%,All N'Keal Harry red zone receiving plays
Jamycal Hasty,JAX,1,1,100.00%,9,0,1.30%,1,1,100.00%,9,0,3.10%,All Jamycal Hasty red zone receiving plays
Peyton Hendershot,DAL,1,1,100.00%,2,1,1.50%,1,1,100.00%,2,1,2.90%,All Peyton Hendershot red zone receiving plays
Justin Herbert,LAC,1,1,100.00%,-2,0,1.00%,1,1,100.00%,-2,0,2.20%,All Justin Herbert red zone receiving plays
Khalil Herbert,CHI,1,1,100.00%,-2,0,2.70%,0,0,,0,0,0.00%,All Khalil Herbert red zone receiving plays
Cody Hollister,TEN,1,1,100.00%,5,0,1.80%,1,1,100.00%,5,0,4.20%,All Cody Hollister red zone receiving plays
Travis Homer,SEA,1,1,100.00%,18,1,1.50%,0,0,,0,0,0.00%,All Travis Homer red zone receiving plays
Brycen Hopkins,LAR,1,1,100.00%,11,0,1.50%,0,0,,0,0,0.00%,All Brycen Hopkins red zone receiving plays
Keaontay Ingram,ARI,1,1,100.00%,-1,0,1.60%,0,0,,0,0,0.00%,All Keaontay Ingram red zone receiving plays
Tony Jones,NOR,1,1,100.00%,5,0,1.60%,0,0,,0,0,0.00%,All Tony Jones red zone receiving plays
Joshua Kelley,LAC,1,1,100.00%,8,0,1.00%,0,0,,0,0,0.00%,All Joshua Kelley red zone receiving plays
Tom Kennedy,DET,1,0,0.00%,0,0,1.20%,1,0,0.00%,0,0,2.40%,All Tom Kennedy red zone receiving plays
Ko Kieft,TAM,1,1,100.00%,5,1,1.00%,1,1,100.00%,5,1,2.00%,All Ko Kieft red zone receiving plays
Charlie Kolar,BAL,1,0,0.00%,0,0,1.40%,1,0,0.00%,0,0,3.40%,All Charlie Kolar red zone receiving plays
Tyler Mabry,SEA,1,1,100.00%,7,1,1.50%,1,1,100.00%,7,1,3.70%,All Tyler Mabry red zone receiving plays
Chris Manhertz,JAX,1,1,100.00%,3,0,1.30%,0,0,,0,0,0.00%,All Chris Manhertz red zone receiving plays
Trey McBride,ARI,1,1,100.00%,4,1,1.60%,1,1,100.00%,4,1,3.60%,All Trey McBride red zone receiving plays
Ray-Ray McCloud,SFO,1,1,100.00%,8,1,1.60%,1,1,100.00%,8,1,3.30%,All Ray-Ray McCloud red zone receiving plays
Lance McCutcheon,LAR,1,0,0.00%,0,0,1.50%,0,0,,0,0,0.00%,All Lance McCutcheon red zone receiving plays
Denzel Mims,NYJ,1,1,100.00%,12,0,1.60%,0,0,,0,0,0.00%,All Denzel Mims red zone receiving plays
Elijah Mitchell,SFO,1,1,100.00%,-1,0,1.60%,1,1,100.00%,-1,0,3.30%,All Elijah Mitchell red zone receiving plays
James Mitchell,DET,1,1,100.00%,3,1,1.20%,1,1,100.00%,3,1,2.40%,All James Mitchell red zone receiving plays
Ty Montgomery,NWE,1,1,100.00%,6,1,2.20%,1,1,100.00%,6,1,3.60%,All Ty Montgomery red zone receiving plays
Skyy Moore,KAN,1,1,100.00%,2,0,0.90%,1,1,100.00%,2,0,1.60%,All Skyy Moore red zone receiving plays
Stanley Morgan,CIN,1,0,0.00%,0,0,1.10%,1,0,0.00%,0,0,2.90%,All Stanley Morgan red zone receiving plays
Jalen Nailor,MIN,1,1,100.00%,5,0,1.00%,0,0,,0,0,0.00%,All Jalen Nailor red zone receiving plays
Albert Okwuegbunam,DEN,1,1,100.00%,3,0,2.00%,1,1,100.00%,3,0,3.70%,All Albert Okwuegbunam red zone receiving plays
Gunner Olszewski,PIT,1,1,100.00%,8,0,1.80%,1,1,100.00%,8,0,3.40%,All Gunner Olszewski red zone receiving plays
Isiah Pacheco,KAN,1,1,100.00%,9,0,0.90%,0,0,,0,0,0.00%,All Isiah Pacheco red zone receiving plays
Zach Pascal,PHI,1,1,100.00%,1,0,2.10%,0,0,,0,0,0.00%,All Zach Pascal red zone receiving plays
Dezmon Patmon,IND,1,0,0.00%,0,0,1.60%,1,0,0.00%,0,0,3.10%,All Dezmon Patmon red zone receiving plays
Rashaad Penny,SEA,1,1,100.00%,4,0,1.50%,0,0,,0,0,0.00%,All Rashaad Penny red zone receiving plays
Byron Pringle,CHI,1,1,100.00%,4,1,2.70%,1,1,100.00%,4,1,5.90%,All Byron Pringle red zone receiving plays
Jalen Reagor,MIN,1,1,100.00%,1,1,1.00%,1,1,100.00%,1,1,1.90%,All Jalen Reagor red zone receiving plays
Patrick Ricard,BAL,1,1,100.00%,12,0,1.40%,0,0,,0,0,0.00%,All Patrick Ricard red zone receiving plays
Ronnie Rivers,LAR,1,1,100.00%,14,0,1.50%,0,0,,0,0,0.00%,All Ronnie Rivers red zone receiving plays
Brian Robinson,WAS,1,1,100.00%,14,1,1.90%,0,0,,0,0,0.00%,All Brian Robinson red zone receiving plays
Amari Rodgers,GNB,1,0,0.00%,0,0,1.40%,0,0,,0,0,0.00%,All Amari Rodgers red zone receiving plays
Drew Sample,CIN,1,1,100.00%,2,0,1.10%,0,0,,0,0,0.00%,All Drew Sample red zone receiving plays
Rashid Shaheed,NOR,1,1,100.00%,8,0,1.60%,0,0,,0,0,0.00%,All Rashid Shaheed red zone receiving plays
Sterling Shepard,NYG,1,0,0.00%,0,0,2.60%,0,0,,0,0,0.00%,All Sterling Shepard red zone receiving plays
Steven Sims,PIT,1,0,0.00%,0,0,1.80%,0,0,,0,0,0.00%,All Steven Sims red zone receiving plays
Ihmir Smith-Marsette,CHI,1,0,0.00%,0,0,2.70%,1,0,0.00%,0,0,5.90%,All Ihmir Smith-Marsette red zone receiving plays
Jeff Smith,NYJ,1,0,0.00%,0,0,1.60%,0,0,,0,0,0.00%,All Jeff Smith red zone receiving plays
Keith Smith,ATL,1,0,0.00%,0,0,2.10%,1,0,0.00%,0,0,3.60%,All Keith Smith red zone receiving plays
Jack Stoll,PHI,1,0,0.00%,0,0,2.10%,1,0,0.00%,0,0,5.00%,All Jack Stoll red zone receiving plays
Jalen Tolbert,DAL,1,1,100.00%,4,0,1.50%,0,0,,0,0,0.00%,All Jalen Tolbert red zone receiving plays
Samori Toure,GNB,1,1,100.00%,2,0,1.40%,0,0,,0,0,0.00%,All Samori Toure red zone receiving plays
Cole Turner,WAS,1,0,0.00%,0,0,1.90%,1,0,0.00%,0,0,3.60%,All Cole Turner red zone receiving plays
DJ Turner,LVR,1,0,0.00%,0,0,1.40%,0,0,,0,0,0.00%,All DJ Turner red zone receiving plays
C.J. Uzomah,NYJ,1,1,100.00%,1,1,1.60%,1,1,100.00%,1,1,3.60%,All C.J. Uzomah red zone receiving plays
Nick Vannett,NYG,1,1,100.00%,12,0,2.60%,0,0,,0,0,0.00%,All Nick Vannett red zone receiving plays
Kenneth Walker,SEA,1,1,100.00%,4,0,1.50%,0,0,,0,0,0.00%,All Kenneth Walker red zone receiving plays
Jonathan Ward,TEN,1,1,100.00%,4,0,1.80%,0,0,,0,0,0.00%,All Jonathan Ward red zone receiving plays
Mitchell Wilcox,CIN,1,1,100.00%,12,1,1.10%,0,0,,0,0,0.00%,All Mitchell Wilcox red zone receiving plays
Darrel Williams,ARI,1,0,0.00%,0,0,1.60%,1,0,0.00%,0,0,3.60%,All Darrel Williams red zone receiving plays
Kyren Williams,LAR,1,0,0.00%,0,0,1.50%,0,0,,0,0,0.00%,All Kyren Williams red zone receiving plays
Zach Wilson,NYJ,1,1,100.00%,2,1,1.60%,1,1,100.00%,2,1,3.60%,All Zach Wilson red zone receiving plays
